no,id,mutation_type,chromosome,start_pos,end_pos,mutation
1,MU589117,single base substitution,10,38654432,38654432,A>G
2,MU588573,single base substitution,7,55221822,55221822,C>T
3,MU589341,single base substitution,7,55233043,55233043,G>T
4,MU866,single base substitution,2,209113112,209113112,C>T
5,MU594026,single base substitution,15,102515299,102515299,G>A
6,MU592348,single base substitution,12,13028751,13028751,G>C
7,MU589071,single base substitution,19,58385546,58385546,G>T
8,MU36388,single base substitution,2,114355998,114355998,C>G
9,MU589543,single base substitution,19,24010294,24010294,C>G
10,MU590981,single base substitution,2,114357557,114357557,A>G
11,MU590044,single base substitution,9,141071110,141071110,A>G
12,MU30748,single base substitution,17,7577538,7577538,C>T
13,MU589105,single base substitution,2,97869931,97869931,A>T
14,MU591051,single base substitution,2,113127775,113127775,G>C
15,MU589331,single base substitution,10,89717672,89717672,C>T
16,MU590942,single base substitution,7,55221821,55221821,G>A
17,MU592738,single base substitution,1,145367767,145367767,G>A
18,MU24291,single base substitution,16,21817457,21817457,G>A
19,MU62030,single base substitution,7,140453136,140453136,A>T
20,MU588643,deletion of <=200bp,12,11546320,11546322,TTG>-
21,MU591091,single base substitution,19,33695616,33695616,A>C
22,MU592955,single base substitution,16,32890622,32890622,T>G
23,MU10935,single base substitution,3,195505836,195505836,G>C
24,MU589353,single base substitution,3,195400728,195400728,A>G
25,MU599462,single base substitution,10,112696573,112696573,T>C
26,MU597540,single base substitution,4,69870669,69870669,C>A
27,MU589075,single base substitution,15,83014106,83014106,T>C
28,MU590298,single base substitution,7,55211080,55211080,G>A
29,MU601968,single base substitution,7,55220274,55220274,C>T
30,MU256,single base substitution,17,7577094,7577094,G>A
31,MU594506,single base substitution,18,14513764,14513764,C>T
32,MU5219,single base substitution,3,178936091,178936091,G>A
33,MU24637,single base substitution,17,7577120,7577120,C>T
34,MU600459,single base substitution,18,14513675,14513675,T>C
35,MU592069,single base substitution,10,51093329,51093329,C>T
36,MU591879,single base substitution,3,195410687,195410687,T>A
37,MU593489,single base substitution,13,75814354,75814354,C>G
38,MU600120,single base substitution,1,145324371,145324371,T>C
39,MU7870,single base substitution,17,7578406,7578406,C>T
40,MU589895,single base substitution,9,141070969,141070969,A>G
41,MU588975,single base substitution,13,48953730,48953730,C>T
42,MU2245097,insertion of <=200bp,7,131195806,131195806,->G
43,MU594999,single base substitution,15,41146113,41146113,C>T
44,MU17943,single base substitution,17,7577539,7577539,G>A
45,MU591431,single base substitution,5,56160697,56160697,C>T
46,MU588605,single base substitution,21,46011400,46011400,G>A
47,MU10839,single base substitution,20,31022345,31022345,C>T
48,MU590667,single base substitution,15,42193062,42193062,G>A
49,MU602357,single base substitution,7,55210077,55210077,G>A
50,MU6581,single base substitution,17,7578263,7578263,G>A
51,MU596199,single base substitution,13,20039688,20039688,G>A
52,MU592680,single base substitution,20,29628300,29628300,G>A
53,MU598762,single base substitution,15,22709152,22709152,G>T
54,MU25838,single base substitution,17,7577548,7577548,C>T
55,MU588467,deletion of <=200bp,7,44684936,44684936,T>-
56,MU588799,single base substitution,10,89692904,89692904,C>T
57,MU590556,single base substitution,5,67589138,67589138,G>A
58,MU590964,single base substitution,7,55223543,55223543,C>T
59,MU596550,single base substitution,17,21731144,21731144,T>G
60,MU594674,deletion of <=200bp,17,45219612,45219612,A>-
61,MU601391,single base substitution,7,72093896,72093896,C>T
62,MU589580,single base substitution,10,135491113,135491113,G>A
63,MU18569,single base substitution,15,83014132,83014132,C>G
64,MU588398,single base substitution,16,15457701,15457701,G>A
65,MU590052,single base substitution,1,145367739,145367739,A>G
66,MU592585,single base substitution,10,89720852,89720852,C>T
67,MU589990,deletion of <=200bp,19,45911859,45911861,GAA>-
68,MU592002,single base substitution,1,148933289,148933289,A>G
69,MU588860,single base substitution,2,54756736,54756736,T>C
70,MU107439,single base substitution,17,39274206,39274206,C>T
71,MU594300,single base substitution,7,55221822,55221822,C>A
72,MU69856,single base substitution,19,58385762,58385762,C>G
73,MU597080,single base substitution,19,12187275,12187275,G>C
74,MU589735,single base substitution,17,21730916,21730916,G>T
75,MU33642,single base substitution,2,179463526,179463526,C>T
76,MU595841,single base substitution,19,35232200,35232200,T>G
77,MU26668,single base substitution,17,7577568,7577568,C>A
78,MU604683,single base substitution,19,51466671,51466671,C>T
79,MU588599,single base substitution,22,21829507,21829507,G>A
80,MU588708,single base substitution,7,55241677,55241677,G>A
81,MU2244791,insertion of <=200bp,3,195400814,195400814,->TT
82,MU597696,single base substitution,2,113940279,113940279,C>T
83,MU597164,single base substitution,7,55233037,55233037,C>T
84,MU2089,deletion of <=200bp,10,89720799,89720802,TACT>-
85,MU596181,single base substitution,16,1507256,1507256,T>C
86,MU144178,single base substitution,17,7578457,7578457,C>T
87,MU589798,single base substitution,1,228520994,228520994,C>T
88,MU588607,single base substitution,16,23226531,23226531,G>A
89,MU599553,single base substitution,7,35130052,35130052,C>T
90,MU595127,single base substitution,5,140188686,140188686,C>T
91,MU594918,single base substitution,X,153588445,153588445,C>T
92,MU2245277,insertion of <=200bp,7,100684307,100684307,->CTC
93,MU589443,single base substitution,1,169698774,169698774,G>A
94,MU593296,single base substitution,1,154062058,154062058,G>A
95,MU29477,single base substitution,1,16918653,16918653,C>T
96,MU589549,single base substitution,15,102292785,102292785,C>G
97,MU605194,single base substitution,1,152278815,152278815,G>A
98,MU589261,single base substitution,1,145360624,145360624,G>A
99,MU606487,single base substitution,6,74227627,74227627,G>A
100,MU599178,single base substitution,4,70079956,70079956,G>A
